key,checked_on,official_record_url,source_class,matched_fields,status,note
yan2026tensorbench,2026-09-19,https://doi.org/10.48550/arXiv.2606.05570,arXiv primary record with DOI,title; authors and order; year; container; pages/article number when applicable; identifier,verified-live-metadata,Fresh primary-record metadata spot-check; reproduction validates this delivered record offline and does not contact the network.
bang2022validation,2026-09-19,https://doi.org/10.1007/978-3-031-13188-2_19,DOI publisher record,title; authors and order; year; container; pages/article number when applicable; identifier,verified-live-metadata,Fresh primary-record metadata spot-check; reproduction validates this delivered record offline and does not contact the network.
liu2022scheduling,2026-09-19,https://doi.org/10.1145/3498717,DOI publisher record,title; authors and order; year; container; pages/article number when applicable; identifier,verified-live-metadata,Fresh primary-record metadata spot-check; reproduction validates this delivered record offline and does not contact the network.
wu2026prism,2026-09-19,https://doi.org/10.48550/arXiv.2604.15272,arXiv primary record with DOI,title; authors and order; year; container; pages/article number when applicable; identifier,verified-live-metadata,Fresh primary-record metadata spot-check; reproduction validates this delivered record offline and does not contact the network.
qiu2024tenspiler,2026-09-19,https://doi.org/10.4230/LIPIcs.ECOOP.2024.32,DOI publisher record,title; authors and order; year; container; pages/article number when applicable; identifier,verified-live-metadata,Fresh primary-record metadata spot-check; reproduction validates this delivered record offline and does not contact the network.
arora2025tensorright,2026-09-19,https://doi.org/10.1145/3704865,DOI publisher record,title; authors and order; year; container; pages/article number when applicable; identifier,verified-live-metadata,Fresh primary-record metadata spot-check; reproduction validates this delivered record offline and does not contact the network.
ahrens2025finch,2026-09-19,https://doi.org/10.1145/3720473,DOI publisher record,title; authors and order; year; container; pages/article number when applicable; identifier,verified-live-metadata,Fresh primary-record metadata spot-check; reproduction validates this delivered record offline and does not contact the network.
liu2024unisparse,2026-09-19,https://doi.org/10.1145/3649816,DOI publisher record,title; authors and order; year; container; pages/article number when applicable; identifier,verified-live-metadata,Fresh primary-record metadata spot-check; reproduction validates this delivered record offline and does not contact the network.
patel2024systec,2026-09-19,https://doi.org/10.1145/3696443.3708919,DOI publisher record,title; authors and order; year; container; pages/article number when applicable; identifier,verified-live-metadata,Fresh primary-record metadata spot-check; reproduction validates this delivered record offline and does not contact the network.
xia2024enumerating,2026-09-19,https://doi.org/10.1145/3647994,DOI publisher record,title; authors and order; year; container; pages/article number when applicable; identifier,verified-live-metadata,Fresh primary-record metadata spot-check; reproduction validates this delivered record offline and does not contact the network.
harzevili2025history,2026-09-19,https://doi.org/10.1145/3688838,DOI publisher record,title; authors and order; year; container; pages/article number when applicable; identifier,verified-live-metadata,Fresh primary-record metadata spot-check; reproduction validates this delivered record offline and does not contact the network.
wu2026attributes,2026-09-19,https://doi.org/10.1145/3793554,DOI publisher record,title; authors and order; year; container; pages/article number when applicable; identifier,verified-live-metadata,Fresh primary-record metadata spot-check; reproduction validates this delivered record offline and does not contact the network.
lee2026feature,2026-09-19,https://doi.org/10.1145/3808231,DOI publisher record,title; authors and order; year; container; pages/article number when applicable; identifier,verified-live-metadata,Fresh primary-record metadata spot-check; reproduction validates this delivered record offline and does not contact the network.
li2026multiconf,2026-09-19,https://doi.org/10.1145/3786786,DOI publisher record,title; authors and order; year; container; pages/article number when applicable; identifier,verified-live-metadata,Fresh primary-record metadata spot-check; reproduction validates this delivered record offline and does not contact the network.
wu2025mirage,2026-09-19,https://www.usenix.org/conference/osdi25/presentation/wu-mengdi,official proceedings/publisher record,title; authors and order; year; container; pages/article number when applicable; identifier,verified-live-metadata,Fresh primary-record metadata spot-check; reproduction validates this delivered record offline and does not contact the network.
zhan2026eqiforge,2026-09-19,https://doi.org/10.48550/arXiv.2609.12330,arXiv primary record with DOI,title; authors and order; year; container; pages/article number when applicable; identifier,verified-live-metadata,Fresh primary-record metadata spot-check; reproduction validates this delivered record offline and does not contact the network.
